Category,ID,Latitude,Longitude,Date,DAYMET_Region,DAYMET_004_Line_Y_1000,DAYMET_004_Sample_X_1000,DAYMET_004_dayl,DAYMET_004_prcp,DAYMET_004_srad,DAYMET_004_swe,DAYMET_004_tmax,DAYMET_004_tmin,DAYMET_004_vp
weather study,chicago,41.881832,-87.623177,2023-05-15,na,4977,5536,51716.9296875,0.0,404.519989,0.0,19.1200008,9.8000002,1211.2600098
weather study,chicago,41.881832,-87.623177,2023-05-16,na,4977,5536,51837.390625,0.0,538.2600098,0.0,26.5499992,8.9499998,1104.0
weather study,chicago,41.881832,-87.623177,2023-05-17,na,4977,5536,51955.5195312,0.0,406.0100098,0.0,16.2099991,6.8899999,993.6500244
weather study,chicago,41.881832,-87.623177,2023-05-18,na,4977,5536,52071.2304688,0.0,542.039978,0.0,23.2000008,6.1100001,899.3400269
weather study,chicago,41.881832,-87.623177,2023-05-19,na,4977,5536,52184.4804688,4.27,348.5100098,0.0,22.8500004,10.6300001,1280.3199463
weather study,chicago,41.881832,-87.623177,2023-05-20,na,4977,5536,52295.1914062,0.0,469.1799927,0.0,20.2199993,8.3599997,1098.6500244
weather study,chicago,41.881832,-87.623177,2023-05-21,na,4977,5536,52403.3085938,0.0,525.0700073,0.0,25.9200001,9.75,1150.5999756
weather study,chicago,41.881832,-87.623177,2023-05-22,na,4977,5536,52508.78125,0.0,513.289978,0.0,26.7999992,10.9700003,1250.9499512
weather study,chicago,41.881832,-87.623177,2023-05-23,na,4977,5536,52611.53125,0.0,497.1400146,0.0,28.5,12.9899998,1430.8800049
weather study,chicago,41.881832,-87.623177,2023-05-24,na,4977,5536,52711.5117188,0.0,360.9400024,0.0,20.2600002,11.5100002,1356.8399658
weather study,chicago,41.881832,-87.623177,2023-05-25,na,4977,5536,52808.6484375,0.0,338.3699951,0.0,15.9799995,8.1400003,1082.4399414
weather study,chicago,41.881832,-87.623177,2023-05-26,na,4977,5536,52902.890625,0.0,492.1799927,0.0,19.7800007,6.1799998,891.5499878
weather study,chicago,41.881832,-87.623177,2023-05-27,na,4977,5536,52994.1796875,0.0,522.6099854,0.0,22.3500004,6.7600002,890.4500122
weather study,chicago,41.881832,-87.623177,2023-05-28,na,4977,5536,53082.4609375,0.0,491.75,0.0,25.2199993,11.0,1128.2399902
weather study,chicago,41.881832,-87.623177,2023-05-29,na,4977,5536,53167.6601562,0.0,529.9099731,0.0,27.7299995,10.5600004,1009.0200195
weather study,chicago,41.881832,-87.623177,2023-05-30,na,4977,5536,53249.75,0.0,514.039978,0.0,30.7600002,13.7600002,1222.4200439
weather study,chicago,41.881832,-87.623177,2023-05-31,na,4977,5536,53328.6484375,0.0,449.2999878,0.0,32.0900002,18.1399994,1718.9300537
weather study,chicago,41.881832,-87.623177,2023-06-01,na,4977,5536,53404.3203125,0.0,434.9899902,0.0,32.0999985,18.6000004,1795.8299561
weather study,chicago,41.881832,-87.623177,2023-06-02,na,4977,5536,53476.7109375,0.0,447.1400146,0.0,31.7600002,17.7000008,1677.0500488
weather study,chicago,41.881832,-87.623177,2023-06-03,na,4977,5536,53545.7617188,0.0,426.3500061,0.0,30.0100002,17.2900009,1676.1099854
weather study,chicago,41.881832,-87.623177,2023-06-04,na,4977,5536,53611.421875,0.0,352.2099915,0.0,24.4799995,15.0799999,1606.0699463
weather study,chicago,41.881832,-87.623177,2023-06-05,na,4977,5536,53673.6601562,0.0,499.2600098,0.0,27.7399998,12.0100002,1098.7399902
weather study,chicago,41.881832,-87.623177,2023-06-06,na,4977,5536,53732.4296875,0.84,354.7900085,0.0,24.1000004,14.6800003,1558.9200439
weather study,chicago,41.881832,-87.623177,2023-06-07,na,4977,5536,53787.671875,0.0,371.2099915,0.0,22.8799992,12.9799995,1385.5500488
weather study,chicago,41.881832,-87.623177,2023-06-08,na,4977,5536,53839.359375,0.0,437.8800049,0.0,22.5699997,10.4499998,1052.6800537
weather study,chicago,41.881832,-87.623177,2023-06-09,na,4977,5536,53887.4609375,0.0,506.8599854,0.0,26.0200005,10.3299999,931.8599854
weather study,chicago,41.881832,-87.623177,2023-06-10,na,4977,5536,53931.921875,2.1099999,370.3599854,0.0,29.7299995,13.8599997,1326.25
weather study,chicago,41.881832,-87.623177,2023-06-11,na,4977,5536,53972.71875,2.8199999,166.0200043,0.0,17.1499996,11.8199997,1385.0300293
weather study,chicago,41.881832,-87.623177,2023-06-12,na,4977,5536,54009.8203125,2.73,303.1499939,0.0,20.3500004,9.5799999,1156.0100098
weather study,chicago,41.881832,-87.623177,2023-06-13,na,4977,5536,54043.1992188,20.4899998,178.8099976,0.0,17.9899998,12.1400003,1414.3900146
weather study,chicago,41.881832,-87.623177,2023-06-14,na,4977,5536,54072.8203125,0.0,329.0499878,0.0,22.5599995,13.9799995,1561.8699951
weather study,chicago,41.881832,-87.623177,2023-06-15,na,4977,5536,54098.6796875,0.0,485.4100037,0.0,26.6000004,12.0900002,1123.4100342
weather study,chicago,41.881832,-87.623177,2023-06-16,na,4977,5536,54120.7382812,0.0,325.25,0.0,18.7900009,10.6700001,1271.0100098
weather study,chicago,41.881832,-87.623177,2023-06-17,na,4977,5536,54138.9882812,0.0,513.3800049,0.0,25.5400009,9.71,938.6799927
weather study,chicago,41.881832,-87.623177,2023-06-18,na,4977,5536,54153.421875,0.0,488.9200134,0.0,29.0699997,13.9799995,1243.4399414
weather study,chicago,41.881832,-87.623177,2023-06-19,na,4977,5536,54164.0117188,0.0,444.3699951,0.0,29.0200005,15.9700003,1486.5100098
weather study,chicago,41.881832,-87.623177,2023-06-20,na,4977,5536,54170.75,0.0,436.4899902,0.0,27.2099991,14.8400002,1409.7900391
weather study,chicago,41.881832,-87.623177,2023-06-21,na,4977,5536,54173.6484375,0.0,450.8800049,0.0,29.6499996,16.5,1468.0699463
weather study,chicago,41.881832,-87.623177,2023-06-22,na,4977,5536,54172.6992188,0.0,389.4700012,0.0,28.1299992,17.5499992,1704.3399658
weather study,chicago,41.881832,-87.623177,2023-06-23,na,4977,5536,54167.890625,0.0,385.5599976,0.0,28.0599995,17.6800003,1622.25
weather study,chicago,41.881832,-87.623177,2023-06-24,na,4977,5536,54159.2382812,21.1000004,363.8099976,0.0,32.2799988,16.6700001,1510.7199707
weather study,chicago,41.881832,-87.623177,2023-06-25,na,4977,5536,54146.7382812,7.1199999,291.2999878,0.0,29.7600002,18.6200008,2007.5600586
weather study,chicago,41.881832,-87.623177,2023-06-26,na,4977,5536,54130.421875,0.0,176.1999969,0.0,23.3799992,19.0499992,2202.8100586
weather study,chicago,41.881832,-87.623177,2023-06-27,na,4977,5536,54110.28125,0.0,279.6000061,0.0,23.0200005,16.1900005,1828.3900146
weather study,chicago,41.881832,-87.623177,2023-06-28,na,4977,5536,54086.3398438,0.0,511.9899902,0.0,28.2700005,12.8100004,1092.4100342
weather study,chicago,41.881832,-87.623177,2023-06-29,na,4977,5536,54058.609375,15.1599998,290.4200134,0.0,30.0699997,19.5100002,2142.9499512
weather study,chicago,41.881832,-87.623177,2023-06-30,na,4977,5536,54027.1210938,0.0,395.4400024,0.0,31.3799992,20.6499996,2062.3701172
weather study,chicago,41.881832,-87.623177,2023-07-01,na,4977,5536,53991.890625,38.1899986,235.8800049,0.0,28.9200001,20.8500004,2463.2299805
weather study,chicago,41.881832,-87.623177,2023-07-02,na,4977,5536,53952.9609375,111.9499969,146.1900024,0.0,23.2099991,18.7900009,2167.7600098
weather study,chicago,41.881832,-87.623177,2023-07-03,na,4977,5536,53910.3398438,0.0,439.4100037,0.0,28.8099995,16.7999992,1912.3699951
weather study,chicago,41.881832,-87.623177,2023-07-04,na,4977,5536,53864.0703125,0.0,454.5700073,0.0,32.5400009,18.8299999,2173.6201172
weather study,chicago,41.881832,-87.623177,2023-07-05,na,4977,5536,53814.1914062,25.3899994,306.4299927,0.0,32.6399994,21.0499992,2494.1298828
weather study,chicago,41.881832,-87.623177,2023-07-06,na,4977,5536,53760.7304688,0.0,306.5499878,0.0,26.0,18.6900005,2153.9499512
weather study,chicago,41.881832,-87.623177,2023-07-07,na,4977,5536,53703.7382812,4.27,295.0599976,0.0,26.6100006,16.6900005,1899.2299805
weather study,chicago,41.881832,-87.623177,2023-07-08,na,4977,5536,53643.25,0.89,291.6600037,0.0,23.1100006,16.5100002,1876.8599854
weather study,chicago,41.881832,-87.623177,2023-07-09,na,4977,5536,53579.3007812,0.0,486.4599915,0.0,28.4899998,14.4799995,1648.6700439
weather study,chicago,41.881832,-87.623177,2023-07-10,na,4977,5536,53511.9492188,0.0,461.6600037,0.0,29.2800007,16.4400005,1869.2199707
weather study,chicago,41.881832,-87.623177,2023-07-11,na,4977,5536,53441.2382812,27.5799999,302.7799988,0.0,29.6800003,19.0100002,2197.25
weather study,chicago,41.881832,-87.623177,2023-07-12,na,4977,5536,53367.21875,26.9099998,267.3699951,0.0,24.9099998,16.4500008,1870.7199707
weather study,chicago,41.881832,-87.623177,2023-07-13,na,4977,5536,53289.9414062,0.0,336.4400024,0.0,24.7900009,16.8600006,1919.2600098
weather study,chicago,41.881832,-87.623177,2023-07-14,na,4977,5536,53209.4609375,9.8999996,335.4500122,0.0,31.9599991,18.8299999,2173.2099609
weather study,chicago,41.881832,-87.623177,2023-07-15,na,4977,5536,53125.8203125,4.4000001,265.2799988,0.0,28.9200001,20.0100002,2338.5900879
weather study,chicago,41.881832,-87.623177,2023-07-16,na,4977,5536,53039.0898438,0.0,356.1499939,0.0,27.1700001,18.3999996,2115.2700195
weather study,chicago,41.881832,-87.623177,2023-07-17,na,4977,5536,52949.3085938,0.0,351.4700012,0.0,25.9899998,17.6499996,2017.4799805
weather study,chicago,41.881832,-87.623177,2023-07-18,na,4977,5536,52856.5507812,0.0,423.5799866,0.0,25.3400002,14.8900003,1692.8599854
weather study,chicago,41.881832,-87.623177,2023-07-19,na,4977,5536,52760.859375,0.0,481.7999878,0.0,28.3199997,14.7200003,1673.6400146
weather study,chicago,41.881832,-87.623177,2023-07-20,na,4977,5536,52662.3085938,0.0,426.9400024,0.0,30.2399998,18.7800007,2166.5100098
weather study,chicago,41.881832,-87.623177,2023-07-21,na,4977,5536,52560.9492188,0.0,352.230011,0.0,26.1200008,17.9099998,2051.1398926
weather study,chicago,41.881832,-87.623177,2023-07-22,na,4977,5536,52456.8398438,9.9099998,354.8200073,0.0,29.2099991,15.8699999,1802.2399902
weather study,chicago,41.881832,-87.623177,2023-07-23,na,4977,5536,52350.0507812,0.0,432.8299866,0.0,28.4599991,17.1000004,1948.8800049
weather study,chicago,41.881832,-87.623177,2023-07-24,na,4977,5536,52240.640625,0.0,433.2999878,0.0,29.9500008,18.3500004,2108.5100098
weather study,chicago,41.881832,-87.623177,2023-07-25,na,4977,5536,52128.6601562,0.0,452.8200073,0.0,31.6499996,18.6499996,2148.6499023
weather study,chicago,41.881832,-87.623177,2023-07-26,na,4977,5536,52014.1914062,9.5,279.9899902,0.0,31.6299992,21.7199993,2598.6201172
weather study,chicago,41.881832,-87.623177,2023-07-27,na,4977,5536,51897.2695312,6.1100001,290.9700012,0.0,32.1500015,21.5200005,2565.75
weather study,chicago,41.881832,-87.623177,2023-07-28,na,4977,5536,51777.9804688,27.2099991,315.6900024,0.0,33.1699982,21.0200005,2489.5
weather study,chicago,41.881832,-87.623177,2023-07-29,na,4977,5536,51656.3710938,0.0,306.7399902,0.0,26.9899998,19.7399998,2299.6101074
weather study,chicago,41.881832,-87.623177,2023-07-30,na,4977,5536,51532.5117188,0.0,357.730011,0.0,26.0300007,17.5100002,1999.8599854
weather study,chicago,41.881832,-87.623177,2023-07-31,na,4977,5536,51406.4609375,0.0,434.6000061,0.0,27.3199997,15.8500004,1800.5500488
weather study,chicago,41.881832,-87.623177,2023-08-01,na,4977,5536,51278.28125,0.0,402.1199951,0.0,28.6700001,18.0499992,2069.2800293
weather study,chicago,41.881832,-87.623177,2023-08-02,na,4977,5536,51148.03125,0.0,393.4400024,0.0,28.5799999,18.3099995,2103.4499512
weather study,chicago,41.881832,-87.623177,2023-08-03,na,4977,5536,51015.7617188,0.0,453.4599915,0.0,31.0400009,17.6399994,2016.3100586
weather study,chicago,41.881832,-87.623177,2023-08-04,na,4977,5536,50881.5507812,0.0,335.7900085,0.0,28.4099998,20.0599995,2345.3100586
weather study,chicago,41.881832,-87.623177,2023-08-05,na,4977,5536,50745.4492188,16.5499992,169.3899994,0.0,24.2199993,19.1200008,2212.3300781
weather study,chicago,41.881832,-87.623177,2023-08-06,na,4977,5536,50607.5195312,3.1199999,131.0599976,0.0,22.1100006,18.3600006,2109.5400391
weather study,chicago,41.881832,-87.623177,2023-08-07,na,4977,5536,50467.8085938,0.0,334.3399963,0.0,25.8400002,17.9300003,2053.3999023
weather study,chicago,41.881832,-87.623177,2023-08-08,na,4977,5536,50326.3789062,0.0,454.3699951,0.0,28.8500004,16.0400009,1821.9499512
weather study,chicago,41.881832,-87.623177,2023-08-09,na,4977,5536,50183.2890625,0.0,345.0700073,0.0,25.7900009,17.6499996,2018.3699951
weather study,chicago,41.881832,-87.623177,2023-08-10,na,4977,5536,50038.6015625,0.0,423.8500061,0.0,28.6700001,17.3500004,1979.5600586
weather study,chicago,41.881832,-87.623177,2023-08-11,na,4977,5536,49892.3515625,2.1800001,266.1199951,0.0,28.8299999,19.9300003,2327.4799805
weather study,chicago,41.881832,-87.623177,2023-08-12,na,4977,5536,49744.609375,0.0,369.9700012,0.0,29.5100002,19.9400005,2327.8400879
weather study,chicago,41.881832,-87.623177,2023-08-13,na,4977,5536,49595.4296875,0.0,341.769989,0.0,25.9300003,17.8199997,2039.9499512
weather study,chicago,41.881832,-87.623177,2023-08-14,na,4977,5536,49444.8515625,44.6699982,202.6499939,0.0,23.5799999,17.5900002,2010.9200439
weather study,chicago,41.881832,-87.623177,2023-08-15,na,4977,5536,49292.9296875,3.5999999,262.1099854,0.0,24.5,16.3500004,1858.6300049
weather study,chicago,41.881832,-87.623177,2023-08-16,na,4977,5536,49139.71875,0.0,466.1000061,0.0,26.9699993,13.6099997,1558.1199951
weather study,chicago,41.881832,-87.623177,2023-08-17,na,4977,5536,48985.2617188,8.7299995,292.8500061,0.0,26.3199997,16.4500008,1870.2299805
weather study,chicago,41.881832,-87.623177,2023-08-18,na,4977,5536,48829.6210938,0.0,435.7200012,0.0,25.2099991,13.7200003,1569.0400391
weather study,chicago,41.881832,-87.623177,2023-08-19,na,4977,5536,48672.8203125,0.0,444.0599976,0.0,27.4200001,14.9899998,1703.2600098
weather study,chicago,41.881832,-87.623177,2023-08-20,na,4977,5536,48514.9296875,0.0,403.7000122,0.0,31.6900005,20.0499992,2343.7600098
weather study,chicago,41.881832,-87.623177,2023-08-21,na,4977,5536,48355.9804688,0.0,288.9599915,0.0,27.0,20.0900002,2349.8701172
weather study,chicago,41.881832,-87.623177,2023-08-22,na,4977,5536,48196.03125,0.0,389.1099854,0.0,30.4200001,19.75,2301.8601074
weather study,chicago,41.881832,-87.623177,2023-08-23,na,4977,5536,48035.1015625,0.0,404.2900085,0.0,35.9799995,22.9400005,2798.1899414
weather study,chicago,41.881832,-87.623177,2023-08-24,na,4977,5536,47873.25,0.0,399.5100098,0.0,36.7999992,23.6299992,2916.8100586
weather study,chicago,41.881832,-87.623177,2023-08-25,na,4977,5536,47710.5195312,0.0,243.1600037,0.0,26.5300007,20.7900009,2454.2700195
weather study,chicago,41.881832,-87.623177,2023-08-26,na,4977,5536,47546.9414062,0.0,257.8399963,0.0,23.8500004,18.0200005,2065.3300781
weather study,chicago,41.881832,-87.623177,2023-08-27,na,4977,5536,47382.5703125,0.0,314.7799988,0.0,23.1299992,15.9700003,1813.4399414
weather study,chicago,41.881832,-87.623177,2023-08-28,na,4977,5536,47217.4296875,0.0,436.730011,0.0,25.5699997,13.4700003,1543.9499512
weather study,chicago,41.881832,-87.623177,2023-08-29,na,4977,5536,47051.5585938,0.0,440.5799866,0.0,28.8899994,15.5299997,1763.5500488
weather study,chicago,41.881832,-87.623177,2023-08-30,na,4977,5536,46885.0117188,0.0,335.730011,0.0,20.8400002,13.0500002,1501.4300537
weather study,chicago,41.881832,-87.623177,2023-08-31,na,4977,5536,46717.8085938,0.0,456.7399902,0.0,24.3299999,10.8500004,1298.9399414
weather study,chicago,41.881832,-87.623177,2023-09-01,na,4977,5536,46549.9882812,0.0,460.4899902,0.0,28.0699997,12.9799995,1494.8900146
weather study,chicago,41.881832,-87.623177,2023-09-02,na,4977,5536,46381.5898438,0.0,446.6499939,0.0,30.4699993,15.4700003,1757.0400391
weather study,chicago,41.881832,-87.623177,2023-09-03,na,4977,5536,46212.640625,0.0,409.2600098,0.0,33.1800003,19.5499992,2273.0100098
weather study,chicago,41.881832,-87.623177,2023-09-04,na,4977,5536,46043.1796875,0.0,379.0299988,0.0,33.1699982,20.9300003,2475.2199707
weather study,chicago,41.881832,-87.623177,2023-09-05,na,4977,5536,45873.2382812,5.79,239.0599976,0.0,32.7900009,23.0300007,2813.5700684
weather study,chicago,41.881832,-87.623177,2023-09-06,na,4977,5536,45702.859375,4.5100002,202.3800049,0.0,27.5799999,20.2299995,2370.25
weather study,chicago,41.881832,-87.623177,2023-09-07,na,4977,5536,45532.0507812,5.8099999,104.8600006,0.0,20.9200001,17.6200008,2013.9000244
weather study,chicago,41.881832,-87.623177,2023-09-08,na,4977,5536,45360.8710938,5.0100002,144.4199982,0.0,19.6900005,15.1499996,1720.5500488
weather study,chicago,41.881832,-87.623177,2023-09-09,na,4977,5536,45189.3203125,0.0,384.7600098,0.0,22.9300003,12.2200003,1422.5
weather study,chicago,41.881832,-87.623177,2023-09-10,na,4977,5536,45017.4609375,7.9899998,331.0700073,0.0,26.25,11.21,1330.0400391
weather study,chicago,41.881832,-87.623177,2023-09-11,na,4977,5536,44845.3007812,22.2800007,158.4700012,0.0,19.6399994,14.5299997,1653.3599854
weather study,chicago,41.881832,-87.623177,2023-09-12,na,4977,5536,44672.8710938,0.0,307.7600098,0.0,21.0200005,13.0900002,1506.2800293
weather study,chicago,41.881832,-87.623177,2023-09-13,na,4977,5536,44500.2109375,0.0,346.5799866,0.0,20.2999992,10.9700003,1309.0699463
weather study,chicago,41.881832,-87.623177,2023-09-14,na,4977,5536,44327.3398438,0.0,371.1499939,0.0,21.2199993,10.6499996,1282.0899658
weather study,chicago,41.881832,-87.623177,2023-09-15,na,4977,5536,44154.3007812,0.0,406.5700073,0.0,24.2999992,11.29,1337.7600098
weather study,chicago,41.881832,-87.623177,2023-09-16,na,4977,5536,43981.1015625,19.4899998,209.25,0.0,21.8099995,14.4200001,1642.2199707
weather study,chicago,41.881832,-87.623177,2023-09-17,na,4977,5536,43807.7695312,19.1000004,180.3000031,0.0,19.7900009,13.7200003,1568.5300293
weather study,chicago,41.881832,-87.623177,2023-09-18,na,4977,5536,43634.359375,0.0,321.2600098,0.0,20.8199997,12.1999998,1420.1300049
weather study,chicago,41.881832,-87.623177,2023-09-19,na,4977,5536,43460.8710938,4.1500001,175.4700012,0.0,18.5599995,12.8100004,1478.4499512
weather study,chicago,41.881832,-87.623177,2023-09-20,na,4977,5536,43287.3398438,0.0,354.9599915,0.0,26.2399998,15.3800001,1746.3199463
weather study,chicago,41.881832,-87.623177,2023-09-21,na,4977,5536,43113.8007812,1.15,267.3599854,0.0,24.1900005,16.9500008,1930.6199951
weather study,chicago,41.881832,-87.623177,2023-09-22,na,4977,5536,42940.2695312,0.0,271.3399963,0.0,25.1900005,17.7600002,2032.2099609
weather study,chicago,41.881832,-87.623177,2023-09-23,na,4977,5536,42766.78125,0.0,277.3099976,0.0,24.6700001,17.1499996,1954.8399658
weather study,chicago,41.881832,-87.623177,2023-09-24,na,4977,5536,42593.359375,0.0,338.6000061,0.0,24.0200005,14.0799999,1606.3199463
weather study,chicago,41.881832,-87.623177,2023-09-25,na,4977,5536,42420.0390625,9.8599997,184.0599976,0.0,23.2399998,16.6399994,1892.8699951
weather study,chicago,41.881832,-87.623177,2023-09-26,na,4977,5536,42246.8398438,23.0100002,149.5,0.0,22.3299999,17.1100006,1950.3299561
weather study,chicago,41.881832,-87.623177,2023-09-27,na,4977,5536,42073.7890625,0.0,148.1799927,0.0,20.5400009,16.8500004,1918.5600586
weather study,chicago,41.881832,-87.623177,2023-09-28,na,4977,5536,41900.921875,0.0,182.1799927,0.0,20.4799995,15.9899998,1816.3199463
weather study,chicago,41.881832,-87.623177,2023-09-29,na,4977,5536,41728.2617188,0.0,307.9400024,0.0,22.6800003,14.1000004,1608.3000488
weather study,chicago,41.881832,-87.623177,2023-09-30,na,4977,5536,41555.828125,0.0,362.9500122,0.0,26.5699997,14.4300003,1642.8100586
weather study,chicago,41.881832,-87.623177,2023-10-01,na,4977,5536,41383.671875,0.0,344.3999939,0.0,27.3999996,16.1700001,1837.1899414
weather study,chicago,41.881832,-87.623177,2023-10-02,na,4977,5536,41211.8007812,0.0,347.9200134,0.0,27.9300003,16.2399998,1845.5400391
weather study,chicago,41.881832,-87.623177,2023-10-03,na,4977,5536,41040.2617188,0.0,357.5,0.0,29.6399994,16.5,1876.6600342
weather study,chicago,41.881832,-87.623177,2023-10-04,na,4977,5536,40869.0703125,14.6099997,229.5899963,0.0,28.8400002,19.0799999,2207.1599121
weather study,chicago,41.881832,-87.623177,2023-10-05,na,4977,5536,40698.2617188,0.0,213.2899933,0.0,21.3999996,15.9099998,1807.1199951
weather study,chicago,41.881832,-87.623177,2023-10-06,na,4977,5536,40527.8710938,1.0,299.1199951,0.0,16.1399994,8.1700001,1084.9899902
weather study,chicago,41.881832,-87.623177,2023-10-07,na,4977,5536,40357.9296875,0.0,276.8599854,0.0,14.4899998,7.25,1019.0100098
weather study,chicago,41.881832,-87.623177,2023-10-08,na,4977,5536,40188.46875,0.0,231.8500061,0.0,12.79,6.96,998.6799927
weather study,chicago,41.881832,-87.623177,2023-10-09,na,4977,5536,40019.5195312,0.0,304.0,0.0,14.0,5.6100001,909.6300049
weather study,chicago,41.881832,-87.623177,2023-10-10,na,4977,5536,39851.109375,0.0,359.6799927,0.0,16.5699997,4.6999998,853.7700195
weather study,chicago,41.881832,-87.623177,2023-10-11,na,4977,5536,39683.2890625,8.8599997,277.4400024,0.0,18.8400002,4.9400001,868.1199951
weather study,chicago,41.881832,-87.623177,2023-10-12,na,4977,5536,39516.078125,4.8899999,168.8899994,0.0,16.2399998,10.1700001,1241.3100586
weather study,chicago,41.881832,-87.623177,2023-10-13,na,4977,5536,39349.53125,27.8299999,79.7799988,0.0,14.3400002,11.7200003,1376.1500244
weather study,chicago,41.881832,-87.623177,2023-10-14,na,4977,5536,39183.6601562,11.0100002,88.0500031,0.0,12.6599998,9.8199997,1212.4499512
weather study,chicago,41.881832,-87.623177,2023-10-15,na,4977,5536,39018.5117188,0.0,253.0,0.0,14.2299995,7.5300002,1038.3699951
weather study,chicago,41.881832,-87.623177,2023-10-16,na,4977,5536,38854.1289062,0.0,203.0399933,0.0,12.0600004,6.9699998,999.539978
weather study,chicago,41.881832,-87.623177,2023-10-17,na,4977,5536,38690.5507812,0.0,342.230011,0.0,17.0499992,4.8800001,864.8800049
weather study,chicago,41.881832,-87.623177,2023-10-18,na,4977,5536,38527.8085938,3.1099999,254.3200073,0.0,18.8500004,6.1799998,946.5900269
weather study,chicago,41.881832,-87.623177,2023-10-19,na,4977,5536,38365.9609375,3.1099999,109.0199966,0.0,14.3599997,10.5500002,1272.9699707
weather study,chicago,41.881832,-87.623177,2023-10-20,na,4977,5536,38205.03125,0.0,199.3300018,0.0,14.4200001,9.0699997,1152.6700439
weather study,chicago,41.881832,-87.623177,2023-10-21,na,4977,5536,38045.0585938,1.62,315.4700012,0.0,17.2999992,6.27,952.3599854
weather study,chicago,41.881832,-87.623177,2023-10-22,na,4977,5536,37886.109375,0.0,280.0799866,0.0,14.0500002,5.3499999,893.3499756
weather study,chicago,41.881832,-87.623177,2023-10-23,na,4977,5536,37728.2109375,0.0,326.0,0.0,18.6299992,5.4899998,902.5100098
weather study,chicago,41.881832,-87.623177,2023-10-24,na,4977,5536,37571.4101562,1.58,308.5,0.0,27.2700005,13.1999998,1516.6099854
weather study,chicago,41.881832,-87.623177,2023-10-25,na,4977,5536,37415.75,4.1399999,110.3399963,0.0,19.2099991,14.7799997,1680.8499756
weather study,chicago,41.881832,-87.623177,2023-10-26,na,4977,5536,37261.2890625,5.2600002,109.8600006,0.0,21.5200005,16.9500008,1929.9899902
weather study,chicago,41.881832,-87.623177,2023-10-27,na,4977,5536,37108.0703125,4.75,224.6799927,0.0,21.7999992,9.0900002,1154.1199951
weather study,chicago,41.881832,-87.623177,2023-10-28,na,4977,5536,36956.140625,3.03,138.3600006,0.0,10.1199999,4.54,844.2999878
weather study,chicago,41.881832,-87.623177,2023-10-29,na,4977,5536,36805.5585938,5.1399999,118.2300034,0.0,8.6800003,4.04,815.1900024
weather study,chicago,41.881832,-87.623177,2023-10-30,na,4977,5536,36656.359375,0.0,209.9299927,0.0,5.9200001,-0.41,592.789978
weather study,chicago,41.881832,-87.623177,2023-10-31,na,4977,5536,36508.609375,7.46,131.25,0.0,2.45,-2.55,506.4200134
weather study,chicago,41.881832,-87.623177,2023-11-01,na,4977,5536,36362.359375,0.0,234.8500061,0.0,4.8499999,-2.4100001,511.6199951
weather study,chicago,41.881832,-87.623177,2023-11-02,na,4977,5536,36217.6484375,0.0,298.0700073,0.0,12.4799995,0.27,622.8300171
weather study,chicago,41.881832,-87.623177,2023-11-03,na,4977,5536,36074.5507812,4.0,182.9600067,0.0,13.7299995,5.3800001,895.4000244
weather study,chicago,41.881832,-87.623177,2023-11-04,na,4977,5536,35933.1210938,0.0,261.3699951,0.0,14.04,4.3099999,830.7000122
weather study,chicago,41.881832,-87.623177,2023-11-05,na,4977,5536,35793.390625,0.0,287.0599976,0.0,15.2799997,2.55,733.7299805
weather study,chicago,41.881832,-87.623177,2023-11-06,na,4977,5536,35655.4492188,0.0,250.6100006,0.0,20.6900005,10.2799997,1250.5699463
weather study,chicago,41.881832,-87.623177,2023-11-07,na,4977,5536,35519.328125,0.0,183.6799927,0.0,12.8800001,6.6700001,978.710022
weather study,chicago,41.881832,-87.623177,2023-11-08,na,4977,5536,35385.109375,4.9099998,142.6900024,0.0,14.3599997,7.75,1054.1099854
weather study,chicago,41.881832,-87.623177,2023-11-09,na,4977,5536,35252.8398438,0.0,219.4499969,0.0,13.2700005,5.3099999,891.1300049
weather study,chicago,41.881832,-87.623177,2023-11-10,na,4977,5536,35122.5703125,0.0,197.7799988,0.0,8.6099997,2.01,705.75
weather study,chicago,41.881832,-87.623177,2023-11-11,na,4977,5536,34994.3710938,0.0,263.1700134,0.0,10.75,-0.36,594.9400024
weather study,chicago,41.881832,-87.623177,2023-11-12,na,4977,5536,34868.3085938,0.0,241.4700012,0.0,13.8599997,3.8900001,806.5999756
weather study,chicago,41.881832,-87.623177,2023-11-13,na,4977,5536,34744.4296875,0.0,265.0299988,0.0,16.7900009,3.24,770.710022
weather study,chicago,41.881832,-87.623177,2023-11-14,na,4977,5536,34622.8085938,0.0,272.1499939,0.0,16.3600006,0.88,651.0800171
weather study,chicago,41.881832,-87.623177,2023-11-15,na,4977,5536,34503.5117188,0.0,254.9299927,0.0,18.5599995,4.8299999,861.5700073
weather study,chicago,41.881832,-87.623177,2023-11-16,na,4977,5536,34386.5703125,0.05,241.7899933,0.0,18.9799995,6.5100002,968.4400024
weather study,chicago,41.881832,-87.623177,2023-11-17,na,4977,5536,34272.078125,0.0,238.7299957,0.0,15.1300001,3.3499999,776.8099976
weather study,chicago,41.881832,-87.623177,2023-11-18,na,4977,5536,34160.0898438,0.0,246.4600067,0.0,11.6700001,-1.09,564.1400146
weather study,chicago,41.881832,-87.623177,2023-11-19,na,4977,5536,34050.6601562,0.0,218.4199982,0.0,11.7600002,1.39,675.0800171
weather study,chicago,41.881832,-87.623177,2023-11-20,na,4977,5536,33943.8515625,29.6299992,89.0800018,0.0,9.1099997,4.3699999,834.2299805
weather study,chicago,41.881832,-87.623177,2023-11-21,na,4977,5536,33839.7304688,7.73,65.1600037,0.0,6.8099999,3.49,784.0900269
weather study,chicago,41.881832,-87.623177,2023-11-22,na,4977,5536,33738.3515625,0.0,150.8500061,0.0,7.5300002,1.51,681.2800293
weather study,chicago,41.881832,-87.623177,2023-11-23,na,4977,5536,33639.78125,0.0,184.4100037,0.0,7.98,0.29,623.8400269
weather study,chicago,41.881832,-87.623177,2023-11-24,na,4977,5536,33544.0703125,0.0,120.8099976,0.0,2.3599999,-2.22,518.9699707
weather study,chicago,41.881832,-87.623177,2023-11-25,na,4977,5536,33451.2890625,0.0,163.3899994,0.0,3.3699999,-3.23,481.2999878
weather study,chicago,41.881832,-87.623177,2023-11-26,na,4977,5536,33361.4882812,3.0599999,70.8399963,0.0,0.81,-2.6600001,502.1900024
weather study,chicago,41.881832,-87.623177,2023-11-27,na,4977,5536,33274.7382812,0.0,137.1600037,0.0,-1.88,-7.0900002,358.9500122
weather study,chicago,41.881832,-87.623177,2023-11-28,na,4977,5536,33191.078125,0.0,153.2599945,0.0,-3.55,-9.5299997,296.75
weather study,chicago,41.881832,-87.623177,2023-11-29,na,4977,5536,33110.5703125,0.0,232.8300018,0.0,5.3299999,-7.0900002,358.9200134
weather study,chicago,41.881832,-87.623177,2023-11-30,na,4977,5536,33033.2695312,7.5999999,169.4400024,0.0,11.5600004,-1.11,563.1599731
weather study,chicago,41.881832,-87.623177,2023-12-01,na,4977,5536,32959.2304688,11.3400002,47.2099991,0.0,6.6999998,4.25,827.5200195
weather study,chicago,41.881832,-87.623177,2023-12-02,na,4977,5536,32888.5,5.1999998,40.4099998,0.0,6.0300002,4.0599999,816.5499878
weather study,chicago,41.881832,-87.623177,2023-12-03,na,4977,5536,32821.1289062,2.3,44.25,0.0,4.73,2.5799999,735.0900269
weather study,chicago,41.881832,-87.623177,2023-12-04,na,4977,5536,32757.1601562,2.6300001,69.1399994,0.0,4.4899998,0.99,656.1599731
weather study,chicago,41.881832,-87.623177,2023-12-05,na,4977,5536,32696.6503906,2.24,91.1100006,0.0,4.71,0.07,613.8599854
weather study,chicago,41.881832,-87.623177,2023-12-06,na,4977,5536,32639.6308594,0.0,109.9000015,0.0,4.0900002,-0.01,610.4500122
weather study,chicago,41.881832,-87.623177,2023-12-07,na,4977,5536,32586.1503906,0.0,196.2899933,0.0,10.8900003,1.76,693.3200073
weather study,chicago,41.881832,-87.623177,2023-12-08,na,4977,5536,32536.2402344,2.8099999,118.5800018,0.0,12.79,6.0300002,936.6400146
weather study,chicago,41.881832,-87.623177,2023-12-09,na,4977,5536,32489.9492188,0.0,201.2899933,0.0,12.8500004,2.8699999,750.5800171
weather study,chicago,41.881832,-87.623177,2023-12-10,na,4977,5536,32447.3105469,0.0,73.7699966,0.0,1.8,-0.88,572.7600098
weather study,chicago,41.881832,-87.623177,2023-12-11,na,4977,5536,32408.3496094,0.0,116.7900009,0.0,2.03,-2.3199999,515.1500244
weather study,chicago,41.881832,-87.623177,2023-12-12,na,4977,5536,32373.0996094,0.0,148.2899933,0.0,3.77,-1.96,528.9699707
weather study,chicago,41.881832,-87.623177,2023-12-13,na,4977,5536,32341.5898438,0.0,218.2599945,0.0,5.5799999,-5.4299998,407.7200012
weather study,chicago,41.881832,-87.623177,2023-12-14,na,4977,5536,32313.8300781,0.0,222.3200073,0.0,10.6999998,-1.63,541.960022
weather study,chicago,41.881832,-87.623177,2023-12-15,na,4977,5536,32289.8691406,0.0,211.7200012,0.0,11.9899998,1.1799999,665.2000122
weather study,chicago,41.881832,-87.623177,2023-12-16,na,4977,5536,32269.6992188,15.54,66.9800034,0.0,7.5799999,4.4200001,837.1400146
weather study,chicago,41.881832,-87.623177,2023-12-17,na,4977,5536,32253.3496094,0.0,105.9899979,0.0,6.4699998,2.79,746.4000244
weather study,chicago,41.881832,-87.623177,2023-12-18,na,4977,5536,32240.8300781,0.0,180.9600067,0.0,2.0899999,-4.77,428.6300049
weather study,chicago,41.881832,-87.623177,2023-12-19,na,4977,5536,32232.1503906,0.0,207.5899963,0.0,0.48,-8.2799997,327.3699951
weather study,chicago,41.881832,-87.623177,2023-12-20,na,4977,5536,32227.3203125,0.0,199.6799927,0.0,6.5599999,-1.95,529.539978
weather study,chicago,41.881832,-87.623177,2023-12-21,na,4977,5536,32226.3398438,0.92,181.0500031,0.0,7.6500001,0.38,627.6599731
weather study,chicago,41.881832,-87.623177,2023-12-22,na,4977,5536,32229.2207031,15.0799999,66.3700027,0.0,7.6599998,4.6199999,849.210022
weather study,chicago,41.881832,-87.623177,2023-12-23,na,4977,5536,32235.9394531,1.0,98.5899963,0.0,9.0500002,5.6599998,912.9500122
weather study,chicago,41.881832,-87.623177,2023-12-24,na,4977,5536,32246.5,0.0,121.0199966,0.0,11.8199997,7.4899998,1035.5200195
weather study,chicago,41.881832,-87.623177,2023-12-25,na,4977,5536,32260.9003906,10.5299997,104.5999985,0.0,13.9399996,8.7700005,1130.0400391
weather study,chicago,41.881832,-87.623177,2023-12-26,na,4977,5536,32279.1308594,1.13,202.8999939,0.0,9.5500002,0.62,638.9299927
weather study,chicago,41.881832,-87.623177,2023-12-27,na,4977,5536,32301.1699219,0.0,175.5899963,0.0,5.4699998,-1.22,558.4400024
weather study,chicago,41.881832,-87.623177,2023-12-28,na,4977,5536,32327.0,11.2799997,79.9199982,0.0,5.6500001,2.05,707.7399902
weather study,chicago,41.881832,-87.623177,2023-12-29,na,4977,5536,32356.5996094,2.23,100.9300003,0.0,5.0,0.47,631.789978
weather study,chicago,41.881832,-87.623177,2023-12-30,na,4977,5536,32389.9492188,0.0,157.5399933,0.0,2.99,-2.3099999,515.5900269
weather study,chicago,41.881832,-87.623177,2023-12-31,na,4977,5536,32427.0292969,2.8299999,75.25,0.0,2.3299999,-0.8,575.9799805
weather study,chicago,41.881832,-87.623177,2024-01-01,na,4977,5536,32467.9902344,0.0,102.2099991,0.0,0.88,-2.04,525.9099731
weather study,chicago,41.881832,-87.623177,2024-01-02,na,4977,5536,32512.4394531,0.0,193.4799957,0.0,3.52,-3.05,487.7999878
weather study,chicago,41.881832,-87.623177,2024-01-03,na,4977,5536,32560.5292969,0.0,111.8700027,0.0,2.2,-1.01,567.3300171
weather study,chicago,41.881832,-87.623177,2024-01-04,na,4977,5536,32612.2109375,0.0,152.3200073,0.0,2.0999999,-2.46,509.8099976
weather study,chicago,41.881832,-87.623177,2024-01-05,na,4977,5536,32667.4492188,1.9400001,187.7299957,0.0,2.5999999,-3.46,473.1300049
weather study,chicago,41.881832,-87.623177,2024-01-06,na,4977,5536,32726.2109375,1.73,91.2399979,0.0,1.28,-1.23,558.1900024
weather study,chicago,41.881832,-87.623177,2024-01-07,na,4977,5536,32788.4414062,0.0,53.4199982,0.0,1.0599999,-0.28,598.2700195
weather study,chicago,41.881832,-87.623177,2024-01-08,na,4977,5536,32854.1015625,11.6899996,85.9499969,0.0,2.29,-0.9,571.7600098
weather study,chicago,41.881832,-87.623177,2024-01-09,na,4977,5536,32923.140625,22.9099998,61.2400017,0.0,2.24,0.04,612.7000122
weather study,chicago,41.881832,-87.623177,2024-01-10,na,4977,5536,32995.5195312,1.6,72.6600037,0.0,1.1799999,-0.72,579.2600098
weather study,chicago,41.881832,-87.623177,2024-01-11,na,4977,5536,33071.1796875,10.8500004,106.2699966,0.0,1.7,-2.26,517.2600098
weather study,chicago,41.881832,-87.623177,2024-01-12,na,4977,5536,33150.078125,18.9899998,109.0199966,0.0,2.5799999,-1.48,547.960022
weather study,chicago,41.881832,-87.623177,2024-01-13,na,4977,5536,33232.1484375,1.38,289.6900024,1.38,-0.43,-14.0500002,206.2400055
weather study,chicago,41.881832,-87.623177,2024-01-14,na,4977,5536,33317.3515625,0.0,227.4600067,1.38,-17.2999992,-23.2800007,93.6299973
weather study,chicago,41.881832,-87.623177,2024-01-15,na,4977,5536,33405.6210938,0.0,265.4700012,1.38,-15.79,-23.7299995,89.8700027
weather study,chicago,41.881832,-87.623177,2024-01-16,na,4977,5536,33496.9101562,0.0,229.3699951,1.38,-15.7299995,-21.6399994,108.2399979
weather study,chicago,41.881832,-87.623177,2024-01-17,na,4977,5536,33591.140625,1.89,293.3299866,3.27,-6.3699999,-17.2199993,158.3999939
weather study,chicago,41.881832,-87.623177,2024-01-18,na,4977,5536,33688.28125,4.23,201.6499939,7.5,-3.5699999,-11.4899998,253.8300018
weather study,chicago,41.881832,-87.623177,2024-01-19,na,4977,5536,33788.25,0.0,176.5299988,7.5,-9.46,-13.5100002,215.6000061
weather study,chicago,41.881832,-87.623177,2024-01-20,na,4977,5536,33890.9882812,0.0,279.6300049,7.5,-6.9000001,-15.1599998,188.2299957
weather study,chicago,41.881832,-87.623177,2024-01-21,na,4977,5536,33996.4492188,0.0,309.6600037,7.5,-5.5500002,-17.7900009,150.9100037
weather study,chicago,41.881832,-87.623177,2024-01-22,na,4977,5536,34104.5703125,7.71,221.7899933,15.21,0.83,-8.6499996,317.9100037
weather study,chicago,41.881832,-87.623177,2024-01-23,na,4977,5536,34215.28125,4.5,112.3399963,12.9200001,2.79,-0.54,587.2399902
weather study,chicago,41.881832,-87.623177,2024-01-24,na,4977,5536,34328.5195312,4.8600001,101.8099976,10.1999998,3.4400001,0.47,631.7399902
weather study,chicago,41.881832,-87.623177,2024-01-25,na,4977,5536,34444.2304688,12.6899996,74.8399963,6.9400001,3.8800001,1.77,693.8900146
weather study,chicago,41.881832,-87.623177,2024-01-26,na,4977,5536,34562.3398438,4.4699998,72.7300034,3.48,4.2800002,2.24,717.5700073
weather study,chicago,41.881832,-87.623177,2024-01-27,na,4977,5536,34682.8085938,4.6700001,95.0800018,0.25,4.4000001,1.6900001,690.1900024
weather study,chicago,41.881832,-87.623177,2024-01-28,na,4977,5536,34805.5507812,0.0,107.5699997,0.0,3.5599999,1.0599999,659.2299805
weather study,chicago,41.881832,-87.623177,2024-01-29,na,4977,5536,34930.5195312,1.3200001,204.25,0.0,4.1100001,-1.09,563.9699707
weather study,chicago,41.881832,-87.623177,2024-01-30,na,4977,5536,35057.6484375,0.0,109.0500031,0.0,4.1799998,1.6900001,689.9000244
weather study,chicago,41.881832,-87.623177,2024-01-31,na,4977,5536,35186.8789062,0.0,75.3300018,0.0,3.8800001,2.27,718.9799805
weather study,chicago,41.881832,-87.623177,2024-02-01,na,4977,5536,35318.1484375,0.0,289.769989,0.0,12.0200005,1.04,658.6799927
weather study,chicago,41.881832,-87.623177,2024-02-02,na,4977,5536,35451.390625,0.0,217.2700043,0.0,4.6999998,-0.77,577.4199829
weather study,chicago,41.881832,-87.623177,2024-02-03,na,4977,5536,35586.5585938,0.0,226.2899933,0.0,3.6400001,-2.0599999,524.9199829
weather study,chicago,41.881832,-87.623177,2024-02-04,na,4977,5536,35723.5898438,0.0,277.2200012,0.0,6.5,-1.75,537.3699951
weather study,chicago,41.881832,-87.623177,2024-02-05,na,4977,5536,35862.4296875,0.0,214.8899994,0.0,4.6500001,-0.61,583.9199829
weather study,chicago,41.881832,-87.623177,2024-02-06,na,4977,5536,36003.0,0.0,257.6099854,0.0,6.0799999,-0.92,570.9899902
weather study,chicago,41.881832,-87.623177,2024-02-07,na,4977,5536,36145.2695312,0.0,299.0599976,0.0,8.3800001,-1.51,546.6900024
weather study,chicago,41.881832,-87.623177,2024-02-08,na,4977,5536,36289.171875,4.9400001,216.1699982,0.0,14.9700003,5.3099999,890.7299805
weather study,chicago,41.881832,-87.623177,2024-02-09,na,4977,5536,36434.6484375,0.0,297.8800049,0.0,13.7299995,3.3900001,778.8499756
weather study,chicago,41.881832,-87.623177,2024-02-10,na,4977,5536,36581.6601562,0.0,242.8300018,0.0,5.27,-1.17,560.5700073
weather study,chicago,41.881832,-87.623177,2024-02-11,na,4977,5536,36730.1289062,0.0,272.0899963,0.0,4.1900001,-3.4400001,473.769989
weather study,chicago,41.881832,-87.623177,2024-02-12,na,4977,5536,36880.0195312,0.0,326.5499878,0.0,7.2399998,-4.5,437.6600037
weather study,chicago,41.881832,-87.623177,2024-02-13,na,4977,5536,37031.28125,0.0,250.3500061,0.0,4.3400002,-2.1300001,522.4799805
weather study,chicago,41.881832,-87.623177,2024-02-14,na,4977,5536,37183.8515625,2.21,249.9900055,0.0,7.73,-4.23,446.6199951
weather study,chicago,41.881832,-87.623177,2024-02-15,na,4977,5536,37337.6992188,0.0,281.5700073,0.0,6.3899999,-1.36,552.8900146
weather study,chicago,41.881832,-87.623177,2024-02-16,na,4977,5536,37492.75,0.0,240.7400055,0.0,-0.29,-6.0599999,388.6000061
weather study,chicago,41.881832,-87.623177,2024-02-17,na,4977,5536,37648.9804688,0.0,314.230011,0.0,-1.78,-10.4399996,276.0299988
weather study,chicago,41.881832,-87.623177,2024-02-18,na,4977,5536,37806.328125,0.0,355.3500061,0.0,7.4400001,-5.9699998,391.2900085
weather study,chicago,41.881832,-87.623177,2024-02-19,na,4977,5536,37964.7617188,0.0,359.6300049,0.0,9.2799997,-4.8600001,425.8699951
weather study,chicago,41.881832,-87.623177,2024-02-20,na,4977,5536,38124.21875,0.0,365.019989,0.0,13.7799997,-2.3599999,513.4199829
weather study,chicago,41.881832,-87.623177,2024-02-21,na,4977,5536,38284.671875,0.0,344.8800049,0.0,18.0499992,5.21,885.0
weather study,chicago,41.881832,-87.623177,2024-02-22,na,4977,5536,38446.0703125,0.0,295.9299927,0.0,13.3599997,4.9000001,865.7399902
weather study,chicago,41.881832,-87.623177,2024-02-23,na,4977,5536,38608.359375,4.04,257.3599854,0.0,9.4200001,-1.62,542.3099976
weather study,chicago,41.881832,-87.623177,2024-02-24,na,4977,5536,38771.5195312,0.0,260.2600098,0.0,1.23,-5.3600001,409.7399902
weather study,chicago,41.881832,-87.623177,2024-02-25,na,4977,5536,38935.5117188,0.0,380.1600037,0.0,15.6099997,-1.41,551.0200195
weather study,chicago,41.881832,-87.623177,2024-02-26,na,4977,5536,39100.2695312,0.0,378.3399963,0.0,20.9599991,2.7,741.5599976
weather study,chicago,41.881832,-87.623177,2024-02-27,na,4977,5536,39265.78125,11.3900003,260.1099854,0.0,22.9799995,9.1300001,1157.2299805
weather study,chicago,41.881832,-87.623177,2024-02-28,na,4977,5536,39431.9882812,0.0,379.8699951,0.0,9.5299997,-5.5300002,404.5499878
weather study,chicago,41.881832,-87.623177,2024-02-29,na,4977,5536,39598.8789062,0.0,371.5100098,0.0,6.8000002,-7.02,360.9700012
weather study,chicago,41.881832,-87.623177,2024-03-01,na,4977,5536,39766.390625,0.0,293.2999878,0.0,7.9699998,-1.12,562.5599976
weather study,chicago,41.881832,-87.623177,2024-03-02,na,4977,5536,39934.5117188,0.0,358.7900085,0.0,14.79,1.5,680.8499756
weather study,chicago,41.881832,-87.623177,2024-03-03,na,4977,5536,40103.1914062,0.0,378.3599854,0.0,22.0699997,5.4200001,897.6300049
weather study,chicago,41.881832,-87.623177,2024-03-04,na,4977,5536,40272.3984375,28.2900009,276.5400085,0.0,21.5300007,6.1500001,944.5700073
weather study,chicago,41.881832,-87.623177,2024-03-05,na,4977,5536,40442.1015625,4.04,78.1900024,0.0,6.75,3.95,810.1500244
weather study,chicago,41.881832,-87.623177,2024-03-06,na,4977,5536,40612.2695312,0.0,176.2700043,0.0,7.9699998,2.98,756.7199707
weather study,chicago,41.881832,-87.623177,2024-03-07,na,4977,5536,40782.8710938,0.0,235.8899994,0.0,8.71,1.9,700.2999878
weather study,chicago,41.881832,-87.623177,2024-03-08,na,4977,5536,40953.8710938,26.4099998,113.8199997,0.0,7.8899999,3.79,801.210022
weather study,chicago,41.881832,-87.623177,2024-03-09,na,4977,5536,41125.2382812,0.0,218.1999969,0.0,7.3099999,1.38,674.8800049
weather study,chicago,41.881832,-87.623177,2024-03-10,na,4977,5536,41296.9492188,0.0,318.0400085,0.0,7.71,-1.5700001,544.5599976
weather study,chicago,41.881832,-87.623177,2024-03-11,na,4977,5536,41468.9609375,0.0,431.4200134,0.0,19.1700001,-1.0700001,564.9500122
weather study,chicago,41.881832,-87.623177,2024-03-12,na,4977,5536,41641.2617188,0.0,371.0,0.0,21.4899998,7.9299998,1067.2199707
weather study,chicago,41.881832,-87.623177,2024-03-13,na,4977,5536,41813.8085938,8.4499998,252.4199982,0.0,18.4099998,7.4299998,1031.5500488
weather study,chicago,41.881832,-87.623177,2024-03-14,na,4977,5536,41986.578125,9.6800003,267.5799866,0.0,16.8600006,4.9899998,871.0900269
weather study,chicago,41.881832,-87.623177,2024-03-15,na,4977,5536,42159.5390625,0.0,236.4900055,0.0,8.5500002,2.0699999,708.8400269
weather study,chicago,41.881832,-87.623177,2024-03-16,na,4977,5536,42332.6601562,0.0,367.3599854,0.0,14.9399996,3.02,758.5700073
weather study,chicago,41.881832,-87.623177,2024-03-17,na,4977,5536,42505.9296875,0.0,233.0299988,0.0,5.25,-1.01,567.2700195
weather study,chicago,41.881832,-87.623177,2024-03-18,na,4977,5536,42679.3007812,0.0,225.5099945,0.0,2.1199999,-3.76,462.4100037
weather study,chicago,41.881832,-87.623177,2024-03-19,na,4977,5536,42852.7617188,0.0,433.3399963,0.0,14.0299997,-1.85,533.1799927
weather study,chicago,41.881832,-87.623177,2024-03-20,na,4977,5536,43026.2695312,0.0,281.9200134,0.0,5.5900002,-1.87,532.5
weather study,chicago,41.881832,-87.623177,2024-03-21,na,4977,5536,43199.8085938,1.14,288.25,0.0,3.6199999,-3.75,462.8599854
weather study,chicago,41.881832,-87.623177,2024-03-22,na,4977,5536,43373.3515625,2.9200001,180.0200043,0.0,4.3000002,-1.53,546.1099854
weather study,chicago,41.881832,-87.623177,2024-03-23,na,4977,5536,43546.859375,0.0,201.4100037,0.0,3.1400001,-1.5599999,544.6799927
weather study,chicago,41.881832,-87.623177,2024-03-24,na,4977,5536,43720.3203125,0.0,369.769989,0.0,8.9300003,-0.95,569.5700073
weather study,chicago,41.881832,-87.623177,2024-03-25,na,4977,5536,43893.6914062,11.8900003,303.6700134,0.0,17.4699993,5.1999998,884.1300049
weather study,chicago,41.881832,-87.623177,2024-03-26,na,4977,5536,44066.9609375,1.41,412.1799927,0.0,13.9499998,1.96,703.210022
weather study,chicago,41.881832,-87.623177,2024-03-27,na,4977,5536,44240.078125,0.0,321.4299927,0.0,6.0100002,-1.62,542.4799805
weather study,chicago,41.881832,-87.623177,2024-03-28,na,4977,5536,44413.0507812,0.0,434.6700134,0.0,10.3699999,-1.9,531.2399902
weather study,chicago,41.881832,-87.623177,2024-03-29,na,4977,5536,44585.8203125,12.96,296.4599915,0.0,10.0100002,-0.03,609.4000244
weather study,chicago,41.881832,-87.623177,2024-03-30,na,4977,5536,44758.359375,0.0,419.6900024,0.0,14.8500004,3.5,784.6199951
weather study,chicago,41.881832,-87.623177,2024-03-31,na,4977,5536,44930.6601562,11.1300001,208.3300018,0.0,9.1400003,3.03,759.3099976
weather study,chicago,41.881832,-87.623177,2024-04-01,na,4977,5536,45102.6796875,12.7399998,159.0800018,0.0,9.2700005,4.8800001,864.460022
weather study,chicago,41.881832,-87.623177,2024-04-02,na,4977,5536,45274.390625,7.5,299.2600098,0.0,12.0900002,2.71,742.1099854
weather study,chicago,41.881832,-87.623177,2024-04-03,na,4977,5536,45445.7617188,11.6199999,127.1500015,0.0,3.8499999,0.72,643.3599854
weather study,chicago,41.881832,-87.623177,2024-04-04,na,4977,5536,45616.7617188,2.26,140.6900024,0.0,5.5799999,2.0599999,708.6300049
weather study,chicago,41.881832,-87.623177,2024-04-05,na,4977,5536,45787.359375,0.0,322.1300049,0.0,8.5500002,2.05,707.9199829
weather study,chicago,41.881832,-87.623177,2024-04-06,na,4977,5536,45957.53125,0.0,402.8299866,0.0,9.7299995,0.86,649.9799805
weather study,chicago,41.881832,-87.623177,2024-04-07,na,4977,5536,46127.2304688,13.75,250.8099976,0.0,10.0200005,3.1400001,765.0300293
weather study,chicago,41.881832,-87.623177,2024-04-08,na,4977,5536,46296.4414062,0.0,485.1499939,0.0,21.9500008,6.9299998,996.7399902
weather study,chicago,41.881832,-87.623177,2024-04-09,na,4977,5536,46465.1210938,0.0,368.2900085,0.0,18.0,9.6199999,1196.7700195
weather study,chicago,41.881832,-87.623177,2024-04-10,na,4977,5536,46633.2382812,2.1900001,344.6499939,0.0,17.7900009,6.0599999,938.5200195
weather study,chicago,41.881832,-87.623177,2024-04-11,na,4977,5536,46800.7617188,3.6800001,173.0,0.0,12.8999996,8.5299997,1111.5999756
weather study,chicago,41.881832,-87.623177,2024-04-12,na,4977,5536,46967.640625,1.85,423.4700012,0.0,17.0400009,7.5300002,1038.1500244
weather study,chicago,41.881832,-87.623177,2024-04-13,na,4977,5536,47133.859375,0.0,504.1900024,0.0,21.1000004,6.04,937.1500244
weather study,chicago,41.881832,-87.623177,2024-04-14,na,4977,5536,47299.3710938,0.0,485.269989,0.0,25.6800003,11.0100002,1312.5400391
weather study,chicago,41.881832,-87.623177,2024-04-15,na,4977,5536,47464.140625,0.0,477.4299927,0.0,21.3799992,8.5100002,1110.4000244
weather study,chicago,41.881832,-87.623177,2024-04-16,na,4977,5536,47628.1210938,3.8399999,368.6000061,0.0,24.7299995,9.8500004,1214.8699951
weather study,chicago,41.881832,-87.623177,2024-04-17,na,4977,5536,47791.28125,0.0,351.7900085,0.0,20.2099991,12.4200001,1441.5200195
weather study,chicago,41.881832,-87.623177,2024-04-18,na,4977,5536,47953.578125,2.53,264.0899963,0.0,14.4899998,7.29,1021.3499756
weather study,chicago,41.881832,-87.623177,2024-04-19,na,4977,5536,48114.9804688,0.0,392.1799927,0.0,13.6300001,5.4000001,896.6300049
weather study,chicago,41.881832,-87.623177,2024-04-20,na,4977,5536,48275.4296875,0.0,286.2600098,0.0,7.5900002,2.24,717.7199707
weather study,chicago,41.881832,-87.623177,2024-04-21,na,4977,5536,48434.890625,0.0,486.1099854,0.0,13.6599998,1.8099999,696.1199951
weather study,chicago,41.881832,-87.623177,2024-04-22,na,4977,5536,48593.3203125,0.0,510.6700134,0.0,19.3500004,4.8099999,860.6799927
weather study,chicago,41.881832,-87.623177,2024-04-23,na,4977,5536,48750.6796875,0.0,471.9500122,0.0,17.3899994,5.6300001,911.2399902
weather study,chicago,41.881832,-87.623177,2024-04-24,na,4977,5536,48906.9101562,0.0,281.5100098,0.0,6.9899998,1.66,688.5200195
weather study,chicago,41.881832,-87.623177,2024-04-25,na,4977,5536,49061.96875,0.0,502.1600037,0.0,12.5100002,0.05,613.0
weather study,chicago,41.881832,-87.623177,2024-04-26,na,4977,5536,49215.8085938,12.0600004,360.8999939,0.0,17.1399994,5.23,886.3499756
weather study,chicago,41.881832,-87.623177,2024-04-27,na,4977,5536,49368.390625,16.75,350.730011,0.0,25.5,12.9899998,1495.7700195
weather study,chicago,41.881832,-87.623177,2024-04-28,na,4977,5536,49519.6484375,32.4300003,309.1300049,0.0,23.6299992,13.8800001,1585.1500244
weather study,chicago,41.881832,-87.623177,2024-04-29,na,4977,5536,49669.5390625,10.7799997,273.2099915,0.0,20.7299995,12.8800001,1485.3900146
weather study,chicago,41.881832,-87.623177,2024-04-30,na,4977,5536,49818.0195312,0.0,501.5700073,0.0,22.8799992,8.9899998,1146.8800049
weather study,chicago,41.881832,-87.623177,2024-05-01,na,4977,5536,49965.03125,0.0,453.8399963,0.0,24.4300003,12.6999998,1468.2800293
weather study,chicago,41.881832,-87.623177,2024-05-02,na,4977,5536,50110.5117188,26.0699997,369.3900146,0.0,25.1599998,11.1199999,1322.3699951
weather study,chicago,41.881832,-87.623177,2024-05-03,na,4977,5536,50254.4101562,0.52,365.0700073,0.0,18.8199997,10.6499996,1282.2199707
weather study,chicago,41.881832,-87.623177,2024-05-04,na,4977,5536,50396.6914062,13.6499996,387.3399963,0.0,25.1700001,8.9499998,1143.7399902
weather study,chicago,41.881832,-87.623177,2024-05-05,na,4977,5536,50537.2695312,0.0,320.4400024,0.0,16.3099995,9.25,1167.3000488
weather study,chicago,41.881832,-87.623177,2024-05-06,na,4977,5536,50676.109375,0.0,461.480011,0.0,20.4799995,8.4700003,1106.6899414
weather study,chicago,41.881832,-87.623177,2024-05-07,na,4977,5536,50813.140625,20.3700008,321.5700073,0.0,24.1399994,12.9200001,1489.3499756
weather study,chicago,41.881832,-87.623177,2024-05-08,na,4977,5536,50948.3085938,6.75,354.7799988,0.0,24.1000004,11.0,1312.2600098
weather study,chicago,41.881832,-87.623177,2024-05-09,na,4977,5536,51081.5585938,8.25,203.8399963,0.0,15.9200001,10.0600004,1232.6099854
weather study,chicago,41.881832,-87.623177,2024-05-10,na,4977,5536,51212.8398438,2.8099999,343.769989,0.0,19.8799992,8.2299995,1088.8499756
weather study,chicago,41.881832,-87.623177,2024-05-11,na,4977,5536,51342.0703125,0.0,391.0100098,0.0,19.2299995,9.96,1223.8499756
weather study,chicago,41.881832,-87.623177,2024-05-12,na,4977,5536,51469.1992188,0.0,536.5700073,0.0,28.2099991,9.1300001,1157.9699707
weather study,chicago,41.881832,-87.623177,2024-05-13,na,4977,5536,51594.1796875,5.3800001,341.8599854,0.0,27.3199997,14.3599997,1635.4799805
weather study,chicago,41.881832,-87.623177,2024-05-14,na,4977,5536,51716.9296875,2.0,189.4199982,0.0,15.3100004,11.3500004,1343.2099609
weather study,chicago,41.881832,-87.623177,2024-05-15,na,4977,5536,51837.390625,0.0,341.8399963,0.0,18.2000008,10.6400003,1280.5999756
